Date,Name,Year,Letterboxd URI,Rating
2022-04-13,The Ruins,2008,https://boxd.it/2KtEv7,5
2022-04-13,Ready Player One,2018,https://boxd.it/2KtCsP,5
2023-02-20,Spirited Away,2001,https://boxd.it/3SJXIV,5
2023-02-20,Everything Everywhere All at Once,2022,https://boxd.it/3SDFFd,4.5
2023-02-24,Plane,2023,https://boxd.it/3TTo9v,3.5
2023-03-04,The Evil Dead,1981,https://boxd.it/3VXbLR,4
2023-03-04,Evil Dead II,1987,https://boxd.it/3VZ9E9,4
2023-03-06,Chappie,2015,https://boxd.it/3WzJ81,4.5
2023-03-09,Scream,1996,https://boxd.it/3Xmdcj,3.5
2023-03-16,Cocaine Bear,2023,https://boxd.it/3ZoNUj,4
2023-03-24,65,2023,https://boxd.it/41tNBJ,3.5
2023-03-24,Devil,2010,https://boxd.it/41wwDT,3.5
2023-04-01,Dungeons & Dragons: Honor Among Thieves,2023,https://boxd.it/43xLcD,4
2023-04-10,Chupa,2023,https://boxd.it/46fWmZ,2.5
2023-04-22,The Fog,1980,https://boxd.it/49mbDF,Not rated yet
2023-04-25,Ant-Man and the Wasp: Quantumania,2023,https://boxd.it/4a9Xgd,4
2023-04-25,The Last Shift,2020,https://boxd.it/4ahwUr,2
2023-05-10,Simulant,2023,https://boxd.it/4ekBi5,3
Date,Name,Year,Letterboxd URI,Rating
2022-04-13,A-X-L,2018,https://boxd.it/fA5U,4
2022-04-13,CODA,2021,https://boxd.it/tbf4,3.5
2022-04-13,Godzilla vs. Kong,2021,https://boxd.it/e0qK,5
2022-04-13,Jolt,2021,https://boxd.it/mQk6,4
2022-04-13,Moonshot,2022,https://boxd.it/sQRG,4
2022-04-13,Ready Player One,2018,https://boxd.it/aZes,5
2022-04-13,Black Panther,2018,https://boxd.it/8MHs,5
2022-04-13,Spider-Man,2002,https://boxd.it/2a8i,5
2022-04-13,Spider-Man: No Way Home,2021,https://boxd.it/nwRw,5
2022-04-13,Spider-Man: Homecoming,2017,https://boxd.it/aboM,5
2022-04-13,Spider-Man: Far from Home,2019,https://boxd.it/fegG,5
2022-04-13,Spider-Man 2,2004,https://boxd.it/2a88,5
2022-04-13,The Amazing Spider-Man,2012,https://boxd.it/27PI,5
2022-04-13,Spider-Man 3,2007,https://boxd.it/2a7Y,5
2022-04-13,Iron Man,2008,https://boxd.it/28dA,5
2022-04-13,Iron Man 2,2010,https://boxd.it/1WZM,5
2022-04-13,Iron Man 3,2013,https://boxd.it/2cBQ,5
2022-04-13,The Ruins,2008,https://boxd.it/1UvA,5
2022-04-13,Sonic the Hedgehog,2020,https://boxd.it/gdK8,3.5
2022-04-13,The Conjuring: The Devil Made Me Do It,2021,https://boxd.it/eXZY,5
2022-04-13,The Conjuring,2013,https://boxd.it/4sr2,5
2023-02-19,Avatar: The Way of Water,2022,https://boxd.it/2E2E,4.5
2023-02-19,The Hitchhiker's Guide to the Galaxy,2005,https://boxd.it/20VE,4
2023-02-19,The Space Between Us,2017,https://boxd.it/cF0u,3.5
2023-02-19,Dune,2021,https://boxd.it/fA7G,4
2023-02-19,Spirited Away,2001,https://boxd.it/2b4m,5
2023-02-19,Bad Boys for Life,2020,https://boxd.it/15pc,3.5
2023-02-19,Mission: Impossible,1996,https://boxd.it/29d2,3.5
2023-02-19,Guardians of the Galaxy,2014,https://boxd.it/3VH2,3.5
2023-02-19,Chaos Walking,2021,https://boxd.it/ey2M,3
2023-02-19,The Fly,1986,https://boxd.it/1YIe,5
2023-02-19,The Maze Runner,2014,https://boxd.it/5YPM,5
2023-02-19,M3GAN,2022,https://boxd.it/jxmG,3.5
2023-02-20,Everything Everywhere All at Once,2022,https://boxd.it/jUk4,4.5
2023-02-20,Les Misérables,2012,https://boxd.it/2TT4,4
2023-02-20,American Psycho,2000,https://boxd.it/28Vs,3.5
2023-02-20,An American Werewolf in London,1981,https://boxd.it/29yk,4
2023-02-20,Maze Runner: The Death Cure,2018,https://boxd.it/bakw,3.5
2023-02-20,Outside the Wire,2021,https://boxd.it/taq6,4
2023-02-20,WarGames,1983,https://boxd.it/29qU,5
2023-02-24,Plane,2023,https://boxd.it/o0lq,3.5
2023-02-24,Moonfall,2022,https://boxd.it/ejwM,3.5
2023-03-02,Dark Cloud,2022,https://boxd.it/xTmm,1.5
2023-03-03,Divergent,2014,https://boxd.it/4VT0,4.5
2023-03-04,The Evil Dead,1981,https://boxd.it/29Go,4
2023-03-04,Evil Dead II,1987,https://boxd.it/29Ge,4
2023-03-06,Chappie,2015,https://boxd.it/5Y3e,4
2023-03-06,Cowboys & Aliens,2011,https://boxd.it/F2G,3
2023-03-09,Scream,1996,https://boxd.it/24EC,3.5
2023-03-09,Scream VI,2023,https://boxd.it/zdfW,4.5
2023-03-16,Finch,2021,https://boxd.it/iXBq,4
2023-03-16,Cocaine Bear,2023,https://boxd.it/ugw2,4
2023-03-24,65,2023,https://boxd.it/qbus,4
2023-03-24,Devil,2010,https://boxd.it/SX6,3.5
2023-03-26,Shazam! Fury of the Gods,2023,https://boxd.it/lV0S,4
2023-03-27,Se7en,1995,https://boxd.it/29zs,4
2023-04-01,Dungeons & Dragons: Honor Among Thieves,2023,https://boxd.it/hN1A,4
2023-04-10,Chupa,2023,https://boxd.it/rE9A,2.5
2023-04-10,The Menu,2022,https://boxd.it/lScm,3.5
2023-04-25,Ant-Man and the Wasp: Quantumania,2023,https://boxd.it/nL2y,4
2023-04-25,The Fog,1980,https://boxd.it/29Cc,3.5
2023-04-25,The Last Shift,2020,https://boxd.it/oijs,2
2023-05-10,Simulant,2023,https://boxd.it/zxu8,3
2023-02-19,Avatar,2009,https://boxd.it/1Efm,Not rated yet
2023-02-19,Escape Room,2019,https://boxd.it/iYlS,Not rated yet
2023-02-19,Escape Room: Tournament of Champions,2021,https://boxd.it/lwCM,Not rated yet
2023-02-19,Twilight,2008,https://boxd.it/1Zui,Not rated yet
2023-02-19,The Twilight Saga: Breaking Dawn - Part 2,2012,https://boxd.it/DdC,Not rated yet
2023-02-19,The Twilight Saga: Breaking Dawn - Part 1,2011,https://boxd.it/DdM,Not rated yet
2023-02-19,The Twilight Saga: New Moon,2009,https://boxd.it/1Hj2,Not rated yet
2023-02-19,The Twilight Saga: Eclipse,2010,https://boxd.it/1ytW,Not rated yet
2023-02-19,Arrival,2016,https://boxd.it/aNGk,Not rated yet
2023-02-19,The Martian,2015,https://boxd.it/8SeG,Not rated yet
2023-02-19,Army of the Dead,2021,https://boxd.it/ic7S,Not rated yet
2023-02-19,Monster Trucks,2016,https://boxd.it/7OC8,Not rated yet
2023-02-19,A Quiet Place,2018,https://boxd.it/fVJQ,Not rated yet
2023-02-19,A Quiet Place Part II,2020,https://boxd.it/iTx0,Not rated yet
2023-02-19,Beauty and the Beast,2017,https://boxd.it/ar0c,Not rated yet
2023-02-19,The Hitman's Bodyguard,2017,https://boxd.it/dCmO,Not rated yet
2023-02-19,Big Hero 6,2014,https://boxd.it/5rje,Not rated yet
2023-02-19,The Avengers,2012,https://boxd.it/1xFW,Not rated yet
2023-02-19,Mortal Kombat,2021,https://boxd.it/gswA,Not rated yet
2023-02-19,Nobody,2021,https://boxd.it/mLqS,Not rated yet
2023-02-19,Wrath of Man,2021,https://boxd.it/nEia,Not rated yet
2023-02-19,Passengers,2016,https://boxd.it/8lFu,Not rated yet
2023-02-19,The Tomorrow War,2021,https://boxd.it/lE78,Not rated yet
2023-02-19,The Fly,1958,https://boxd.it/1T1E,Not rated yet
2023-02-19,The Fly II,1989,https://boxd.it/1WuE,Not rated yet
2023-02-19,District 9,2009,https://boxd.it/1Iik,Not rated yet
2023-02-19,Allegiant,2016,https://boxd.it/7NNE,Not rated yet
2023-02-19,Insurgent,2015,https://boxd.it/7NNa,Not rated yet
2023-02-19,Tenet,2020,https://boxd.it/leq4,Not rated yet
2023-02-19,Silk Road,2021,https://boxd.it/lhtU,Not rated yet
2023-02-19,Space Sweepers,2021,https://boxd.it/lnnI,Not rated yet
2023-02-19,Journey to the Center of the Earth,2008,https://boxd.it/38EI,Not rated yet
2023-02-19,Journey 2: The Mysterious Island,2012,https://boxd.it/2o8m,Not rated yet
2023-02-19,Hacker,2016,https://boxd.it/eyZE,Not rated yet
2023-02-19,Superintelligence,2020,https://boxd.it/iU2W,Not rated yet
2023-02-19,Tomorrowland,2015,https://boxd.it/4YaC,Not rated yet
2023-02-19,Doctor Strange,2016,https://boxd.it/8MH8,Not rated yet
2023-02-19,Doctor Strange in the Multiverse of Madness,2022,https://boxd.it/gaTc,Not rated yet
2023-02-19,After We Collided,2020,https://boxd.it/mGpK,Not rated yet
2023-02-19,The New Mutants,2020,https://boxd.it/bjle,Not rated yet
2023-02-19,Clara,2018,https://boxd.it/gHJE,Not rated yet
2023-02-19,Enhanced,2019,https://boxd.it/nDuE,Not rated yet
2023-02-19,Black Panther: Wakanda Forever,2022,https://boxd.it/igPu,Not rated yet
2023-02-19,Expulsion,2020,https://boxd.it/qN0A,Not rated yet
2023-02-19,Monsters of Man,2020,https://boxd.it/rvLA,Not rated yet
2023-02-19,Archive,2020,https://boxd.it/mnyy,Not rated yet
2023-02-19,Gemini Man,2019,https://boxd.it/gaUu,Not rated yet
2023-02-19,Cosmos,2019,https://boxd.it/nJrQ,Not rated yet
2023-02-19,The Core,2003,https://boxd.it/1YVs,Not rated yet
2023-02-19,Code 8,2019,https://boxd.it/gu9o,Not rated yet
2023-02-19,Untraceable,2008,https://boxd.it/20yA,Not rated yet
2023-02-19,Surrogates,2009,https://boxd.it/1EiU,Not rated yet
2023-02-19,Alita: Battle Angel,2019,https://boxd.it/e0rS,Not rated yet
2023-02-19,Time Lapse,2014,https://boxd.it/8hCQ,Not rated yet
2023-02-19,Pokémon Detective Pikachu,2019,https://boxd.it/fVA0,Not rated yet
2023-02-19,Men in Black,1997,https://boxd.it/2a0I,Not rated yet
2023-02-19,Men in Black: International,2019,https://boxd.it/hdJw,Not rated yet
2023-02-19,Men in Black II,2002,https://boxd.it/2a0y,Not rated yet
2023-02-19,Men in Black 3,2012,https://boxd.it/103U,Not rated yet
2023-02-19,Interstellar,2014,https://boxd.it/4VZ8,Not rated yet
2023-02-19,Dark Phoenix,2019,https://boxd.it/anyO,Not rated yet
2023-02-19,Kingsman: The Secret Service,2014,https://boxd.it/6dxe,Not rated yet
2023-02-19,The King's Man,2021,https://boxd.it/h714,Not rated yet
2023-02-19,Kingsman: The Golden Circle,2017,https://boxd.it/buJm,Not rated yet
2023-02-19,Tekken,2010,https://boxd.it/Xv2,Not rated yet
2023-02-19,Bleeding Steel,2017,https://boxd.it/gt06,Not rated yet
2023-02-19,The Fast and the Furious: Tokyo Drift,2006,https://boxd.it/1Yeo,Not rated yet
2023-02-19,Transcendence,2014,https://boxd.it/4VSQ,Not rated yet
2023-02-19,Maze Runner: The Scorch Trials,2015,https://boxd.it/9hwA,Not rated yet
2023-02-19,Anon,2018,https://boxd.it/dTCE,Not rated yet
2023-02-19,John Wick: Chapter 3 - Parabellum,2019,https://boxd.it/gmFw,Not rated yet
2023-02-19,Aladdin,2019,https://boxd.it/eSjy,Not rated yet
2023-02-19,Suicide Squad,2016,https://boxd.it/9row,Not rated yet
2023-02-19,[REC]³ Genesis,2012,https://boxd.it/2N90,Not rated yet
2023-02-19,Top Gun: Maverick,2022,https://boxd.it/cjr4,Not rated yet
2023-02-20,The Batman,2022,https://boxd.it/eDGs,Not rated yet
2023-02-20,Free Guy,2021,https://boxd.it/k8dm,Not rated yet
2023-02-20,Snowpiercer,2013,https://boxd.it/3Icg,Not rated yet
2023-02-20,The Hunger Games: Catching Fire,2013,https://boxd.it/3sAw,Not rated yet
2023-02-20,E.T. the Extra-Terrestrial,1982,https://boxd.it/2a1G,Not rated yet
2023-02-20,Venom,2018,https://boxd.it/b8wA,Not rated yet
2023-02-20,Ant-Man and the Wasp,2018,https://boxd.it/cqUW,Not rated yet
2023-02-20,Annihilation,2018,https://boxd.it/9yzm,Not rated yet
2023-02-20,Ant-Man,2015,https://boxd.it/3vmW,Not rated yet
2023-02-20,Captain America: The First Avenger,2011,https://boxd.it/28b0,Not rated yet
2023-02-20,The Hunger Games,2012,https://boxd.it/2uds,Not rated yet
2023-02-20,Eternals,2021,https://boxd.it/j36o,Not rated yet
2023-02-20,Avengers: Age of Ultron,2015,https://boxd.it/3qi6,Not rated yet
2023-02-20,Black Widow,2021,https://boxd.it/hWV8,Not rated yet
2023-02-20,Ex Machina,2014,https://boxd.it/7T2k,Not rated yet
2023-02-20,Alien,1979,https://boxd.it/2awY,Not rated yet
2023-02-20,WALL·E,2008,https://boxd.it/1VEo,Not rated yet
2023-02-20,Captain America: Civil War,2016,https://boxd.it/89Ja,Not rated yet
2023-02-20,Captain America: The Winter Soldier,2014,https://boxd.it/3r58,Not rated yet
2023-02-20,Guardians of the Galaxy Vol. 2,2017,https://boxd.it/8MxC,Not rated yet
2023-02-20,Back to the Future,1985,https://boxd.it/2b8e,Not rated yet
2023-02-20,Blade Runner 2049,2017,https://boxd.it/b8wK,Not rated yet
2023-02-20,The Matrix,1999,https://boxd.it/2a1m,Not rated yet
2023-02-20,Inception,2010,https://boxd.it/1skk,Not rated yet
2023-02-20,10 Cloverfield Lane,2016,https://boxd.it/aZiu,Not rated yet
2023-02-20,Man of Steel,2013,https://boxd.it/FRk,Not rated yet
2023-02-20,Terminator 2: Judgment Day,1991,https://boxd.it/2aGY,Not rated yet
2023-02-20,The Hunger Games: Mockingjay - Part 1,2014,https://boxd.it/4hka,Not rated yet
2023-02-20,X-Men: Days of Future Past,2014,https://boxd.it/4aRw,Not rated yet
2023-02-20,The Matrix Resurrections,2021,https://boxd.it/n87k,Not rated yet
2023-02-20,The Matrix Reloaded,2003,https://boxd.it/2a1c,Not rated yet
2023-02-20,Ad Astra,2019,https://boxd.it/ePzI,Not rated yet
2023-02-20,Edge of Tomorrow,2014,https://boxd.it/4pD0,Not rated yet
2023-02-20,Back to the Future Part II,1989,https://boxd.it/2aYI,Not rated yet
2023-02-20,Venom: Let There Be Carnage,2021,https://boxd.it/llco,Not rated yet
2023-02-20,The Incredible Hulk,2008,https://boxd.it/28dU,Not rated yet
2023-02-20,The Hunger Games: Mockingjay - Part 2,2015,https://boxd.it/4hk0,Not rated yet
2023-02-20,The Platform,2019,https://boxd.it/mUm6,Not rated yet
2023-02-20,Looper,2012,https://boxd.it/ham,Not rated yet
2023-02-20,Back to the Future Part III,1990,https://boxd.it/2aTS,Not rated yet
2023-02-20,Pacific Rim,2013,https://boxd.it/2cB2,Not rated yet
2023-02-20,Black Adam,2022,https://boxd.it/fup0,Not rated yet
2023-02-20,Dawn of the Planet of the Apes,2014,https://boxd.it/3XyQ,Not rated yet
2023-02-20,Morbius,2022,https://boxd.it/j978,Not rated yet
2023-02-20,The Matrix Revolutions,2003,https://boxd.it/2a12,Not rated yet
2023-02-20,Blade Runner,1982,https://boxd.it/2bcA,Not rated yet
2023-02-20,Split,2016,https://boxd.it/dgSy,Not rated yet
2023-02-20,John Wick,2014,https://boxd.it/7dEc,Not rated yet
2023-02-20,Gravity,2013,https://boxd.it/GZY,Not rated yet
2023-02-20,Jurassic World,2015,https://boxd.it/4n0g,Not rated yet
2023-02-20,John Wick: Chapter 2,2017,https://boxd.it/ayGu,Not rated yet
2023-02-20,The Terminator,1984,https://boxd.it/2aQY,Not rated yet
2023-02-20,Spectre,2015,https://boxd.it/6bXY,Not rated yet
2023-02-20,Glass,2019,https://boxd.it/g3uO,Not rated yet
2023-02-20,Halloween,2018,https://boxd.it/f0uE,Not rated yet
2023-02-20,The Conjuring 2,2016,https://boxd.it/7GJg,Not rated yet
2023-02-20,Jaws,1975,https://boxd.it/2a5e,Not rated yet
2023-02-20,Halloween Kills,2021,https://boxd.it/mxzG,Not rated yet
2023-02-20,The Purge,2013,https://boxd.it/4Xg0,Not rated yet
2023-02-20,Sinister,2012,https://boxd.it/2TnW,Not rated yet
2023-02-20,Halloween Ends,2022,https://boxd.it/mO8M,Not rated yet
2023-02-20,The Purge: Election Year,2016,https://boxd.it/ae5I,Not rated yet
2023-02-20,The Mummy,2017,https://boxd.it/8HnW,Not rated yet
2023-02-20,The Forever Purge,2021,https://boxd.it/mdzc,Not rated yet
2023-02-20,Countdown,2019,https://boxd.it/m83K,Not rated yet
2023-02-20,Jaws 2,1978,https://boxd.it/2a54,Not rated yet
2023-02-20,Night Teeth,2021,https://boxd.it/oW5K,Not rated yet
2023-02-20,Tau,2018,https://boxd.it/eujO,Not rated yet
2023-02-24,The Dark Knight,2008,https://boxd.it/2b0k,Not rated yet
2023-02-24,Fight Club,1999,https://boxd.it/2a9q,Not rated yet
2023-02-24,Baby Driver,2017,https://boxd.it/bhF2,Not rated yet
2023-02-24,Shrek,2001,https://boxd.it/29zi,Not rated yet
2023-02-24,Up,2009,https://boxd.it/1OEc,Not rated yet
2023-02-24,Inside Out,2015,https://boxd.it/4KHC,Not rated yet
2023-02-24,Star Wars,1977,https://boxd.it/72s,Not rated yet
2023-02-24,Thor: Ragnarok,2017,https://boxd.it/8MHi,Not rated yet
2023-02-24,Thor: Love and Thunder,2022,https://boxd.it/mMAY,Not rated yet
2023-02-24,Mean Girls,2004,https://boxd.it/1VNg,Not rated yet
2023-02-24,Shrek 2,2004,https://boxd.it/29z8,Not rated yet
2023-02-24,Jurassic Park,1993,https://boxd.it/2aA2,Not rated yet
2023-02-24,Finding Nemo,2003,https://boxd.it/72i,Not rated yet
2023-02-24,The Incredibles,2004,https://boxd.it/1XLm,Not rated yet
2023-02-24,Toy Story,1995,https://boxd.it/29qA,Not rated yet
2023-02-24,"Monsters, Inc.",2001,https://boxd.it/2a46,Not rated yet
2023-02-24,It,2017,https://boxd.it/bC8e,Not rated yet
2023-02-24,Home Alone,1990,https://boxd.it/29Fg,Not rated yet
2023-02-24,Puss in Boots,2011,https://boxd.it/eL34,Not rated yet
2023-03-05,Joker,2019,https://boxd.it/h4cS,Not rated yet
2023-03-05,Spider-Man: Into the Spider-Verse,2018,https://boxd.it/azpY,Not rated yet
2023-03-05,Avengers: Infinity War,2018,https://boxd.it/9vEe,Not rated yet
2023-03-05,Avengers: Endgame,2019,https://boxd.it/9vE4,Not rated yet
2023-03-05,The Social Network,2010,https://boxd.it/17ue,Not rated yet
2023-03-05,Shutter Island,2010,https://boxd.it/1U82,Not rated yet
2023-03-05,1917,2019,https://boxd.it/jj4y,Not rated yet
2023-03-05,Mad Max: Fury Road,2015,https://boxd.it/2DjO,Not rated yet
2023-03-05,Deadpool,2016,https://boxd.it/9fOC,Not rated yet
2023-03-05,Dunkirk,2017,https://boxd.it/d0Y6,Not rated yet
2023-03-05,Nightcrawler,2014,https://boxd.it/780m,Not rated yet
2023-03-05,Star Wars: The Force Awakens,2015,https://boxd.it/4vru,Not rated yet
2023-03-05,Logan,2017,https://boxd.it/7Piy,Not rated yet
2023-03-05,Rogue One: A Star Wars Story,2016,https://boxd.it/aPvy,Not rated yet
2023-03-05,Star Wars: The Rise of Skywalker,2019,https://boxd.it/5xlK,Not rated yet
2023-03-05,Toy Story 3,2010,https://boxd.it/1WRe,Not rated yet
2023-03-05,Deadpool 2,2018,https://boxd.it/dlLM,Not rated yet
2023-03-05,Wonder Woman,2017,https://boxd.it/9roG,Not rated yet
2023-03-05,Zootopia,2016,https://boxd.it/84xS,Not rated yet
2023-03-06,Ratatouille,2007,https://boxd.it/27ww,Not rated yet
2023-03-06,Batman Begins,2005,https://boxd.it/2aIg,Not rated yet
2023-03-06,Zombieland,2009,https://boxd.it/1En6,Not rated yet
2023-03-06,Hot Fuzz,2007,https://boxd.it/2416,Not rated yet
2023-03-06,Charlie and the Chocolate Factory,2005,https://boxd.it/2b68,Not rated yet
2023-03-06,Gladiator,2000,https://boxd.it/2b9m,Not rated yet
2023-03-06,The Hangover,2009,https://boxd.it/1GjK,Not rated yet
2023-03-06,Cars,2006,https://boxd.it/29ho,Not rated yet
2023-03-06,Kung Fu Panda,2008,https://boxd.it/1Yws,Not rated yet
2023-03-06,Elf,2003,https://boxd.it/1VyK,Not rated yet
2023-03-06,Pirates of the Caribbean: Dead Man's Chest,2006,https://boxd.it/2bfk,Not rated yet
2023-03-06,Watchmen,2009,https://boxd.it/1QE4,Not rated yet
2023-03-06,Ice Age,2002,https://boxd.it/2apS,Not rated yet
2023-03-06,How the Grinch Stole Christmas,2000,https://boxd.it/1ZHQ,Not rated yet
2023-03-06,Pirates of the Caribbean: At World's End,2007,https://boxd.it/2aGu,Not rated yet
2023-03-06,X-Men,2000,https://boxd.it/1a7s,Not rated yet
2023-03-06,The Polar Express,2004,https://boxd.it/23am,Not rated yet
2023-03-06,Sherlock Holmes,2009,https://boxd.it/1W2A,Not rated yet
2023-03-06,Scooby-Doo,2002,https://boxd.it/1YaQ,Not rated yet
2023-03-06,Shrek the Third,2007,https://boxd.it/29yY,Not rated yet
2023-03-06,The Princess and the Frog,2009,https://boxd.it/1WQq,Not rated yet
2023-03-06,The Terminal,2004,https://boxd.it/2a2O,Not rated yet
2023-03-06,Enchanted,2007,https://boxd.it/24co,Not rated yet
2023-03-06,Transformers,2007,https://boxd.it/280c,Not rated yet
2023-03-06,High School Musical,2006,https://boxd.it/1V0y,Not rated yet
2023-03-06,Cloudy with a Chance of Meatballs,2009,https://boxd.it/1A40,Not rated yet
2023-03-06,Bee Movie,2007,https://boxd.it/22Vw,Not rated yet
2023-03-06,The Simpsons Movie,2007,https://boxd.it/6YU,Not rated yet
2023-03-06,50 First Dates,2004,https://boxd.it/285c,Not rated yet
2023-03-06,Hustle,2022,https://boxd.it/qpig,Not rated yet
2023-03-06,Click,2006,https://boxd.it/1YVM,Not rated yet
2023-03-06,Hotel Transylvania,2012,https://boxd.it/2DF6,Not rated yet
2023-03-06,Happy Gilmore,1996,https://boxd.it/1Yey,Not rated yet
2023-03-06,Pixels,2015,https://boxd.it/7BaA,Not rated yet
2023-03-06,Big Daddy,1999,https://boxd.it/1ZkW,Not rated yet
2023-03-06,Grown Ups 2,2013,https://boxd.it/3GAq,Not rated yet
2023-03-06,Hotel Transylvania 2,2015,https://boxd.it/4ZLk,Not rated yet
2023-03-06,Billy Madison,1995,https://boxd.it/1UQI,Not rated yet
2023-03-06,Hotel Transylvania 3: Summer Vacation,2018,https://boxd.it/e1zI,Not rated yet
2023-03-06,The Longest Yard,2005,https://boxd.it/1Z3c,Not rated yet
2023-03-06,Zookeeper,2011,https://boxd.it/16gq,Not rated yet
2023-03-06,The Cobbler,2014,https://boxd.it/70XA,Not rated yet
2023-03-06,Signs,2002,https://boxd.it/26t2,Not rated yet
2023-03-06,The Host,2006,https://boxd.it/28ZY,Not rated yet
2023-03-06,The Fast and the Furious,2001,https://boxd.it/1XMu,Not rated yet
2023-03-06,Cloverfield,2008,https://boxd.it/2192,Not rated yet
2023-03-06,Scary Movie,2000,https://boxd.it/24CG,Not rated yet
2023-03-06,Panic Room,2002,https://boxd.it/2490,Not rated yet
2023-03-06,Star Trek,2009,https://boxd.it/1Q6c,Not rated yet
2023-03-06,A.I. Artificial Intelligence,2001,https://boxd.it/29Ve,Not rated yet
2023-03-06,King Kong,2005,https://boxd.it/2aLa,Not rated yet
2023-03-06,White Chicks,2004,https://boxd.it/1SpK,Not rated yet
2023-03-06,Bolt,2008,https://boxd.it/1QXg,Not rated yet
2023-03-06,The Mist,2007,https://boxd.it/22r2,Not rated yet
2023-03-06,Final Destination,2000,https://boxd.it/1YrC,Not rated yet
2023-03-06,Fantastic Four,2005,https://boxd.it/1XVw,Not rated yet
2023-03-06,[REC],2007,https://boxd.it/20ma,Not rated yet
2023-03-06,High School Musical 2,2007,https://boxd.it/1PIu,Not rated yet
2023-03-06,Jurassic Park III,2001,https://boxd.it/2azI,Not rated yet
2023-03-06,Mission: Impossible III,2006,https://boxd.it/29cI,Not rated yet
2023-03-06,2012,2009,https://boxd.it/1OE2,Not rated yet
2023-03-06,Mother,2009,https://boxd.it/1m9g,Not rated yet
2023-03-06,Robots,2005,https://boxd.it/1Xve,Not rated yet
2023-03-06,"I, Robot",2004,https://boxd.it/27y8,Not rated yet
2023-03-06,Happy Feet,2006,https://boxd.it/1XH0,Not rated yet
2023-03-06,Madagascar: Escape 2 Africa,2008,https://boxd.it/1W2K,Not rated yet
2023-03-06,Mission: Impossible II,2000,https://boxd.it/29cS,Not rated yet
2023-03-06,Yes Man,2008,https://boxd.it/1WPW,Not rated yet
2023-03-06,Ice Age: The Meltdown,2006,https://boxd.it/2wRk,Not rated yet
2023-03-06,The Day After Tomorrow,2004,https://boxd.it/2aog,Not rated yet
2023-03-06,The Bourne Ultimatum,2007,https://boxd.it/26Eu,Not rated yet
2023-03-06,Hellboy,2004,https://boxd.it/28HK,Not rated yet
2023-03-06,Atlantis: The Lost Empire,2001,https://boxd.it/1Vck,Not rated yet
2023-03-06,2 Fast 2 Furious,2003,https://boxd.it/2a4g,Not rated yet
2023-03-06,Hancock,2008,https://boxd.it/1Zv6,Not rated yet
2023-03-06,Spy Kids,2001,https://boxd.it/1Xcw,Not rated yet
2023-03-06,Meet the Robinsons,2007,https://boxd.it/28Ym,Not rated yet
2023-03-06,Transformers: Revenge of the Fallen,2009,https://boxd.it/20gG,Not rated yet
2023-03-06,Fantastic Four: Rise of the Silver Surfer,2007,https://boxd.it/27Ii,Not rated yet
2023-03-06,High School Musical 3: Senior Year,2008,https://boxd.it/1SR0,Not rated yet
2023-03-06,Alvin and the Chipmunks,2007,https://boxd.it/21E0,Not rated yet
2023-03-06,Ice Age: Dawn of the Dinosaurs,2009,https://boxd.it/20iC,Not rated yet
2023-03-06,Scooby-Doo 2: Monsters Unleashed,2004,https://boxd.it/1UPA,Not rated yet
2023-03-06,Monsters vs Aliens,2009,https://boxd.it/1M50,Not rated yet
2023-03-06,Fast & Furious,2009,https://boxd.it/1Pnm,Not rated yet
2023-03-06,The Cat in the Hat,2003,https://boxd.it/1VSU,Not rated yet
2023-03-06,Wallace & Gromit: The Curse of the Were-Rabbit,2005,https://boxd.it/2ac0,Not rated yet
2023-03-06,Resident Evil,2002,https://boxd.it/28z2,Not rated yet
2023-03-06,Hulk,2003,https://boxd.it/27PS,Not rated yet
2023-03-06,Marley & Me,2008,https://boxd.it/1Ola,Not rated yet
2023-03-06,The Happening,2008,https://boxd.it/200o,Not rated yet
2023-03-06,Terminator 3: Rise of the Machines,2003,https://boxd.it/2aES,Not rated yet
2023-03-06,Horton Hears a Who!,2008,https://boxd.it/1SfA,Not rated yet
2023-03-06,Daredevil,2003,https://boxd.it/1YzG,Not rated yet
2023-03-06,Halloween,2007,https://boxd.it/27u6,Not rated yet
2023-03-06,Van Helsing,2004,https://boxd.it/21aa,Not rated yet
2023-03-06,Garfield,2004,https://boxd.it/1ZAA,Not rated yet
2023-03-06,Bad Boys II,2003,https://boxd.it/1ZuW,Not rated yet
2023-03-06,Paul Blart: Mall Cop,2009,https://boxd.it/1NQw,Not rated yet
2023-03-06,Superman Returns,2006,https://boxd.it/28J2,Not rated yet
2023-03-06,Spy Kids 2: The Island of Lost Dreams,2002,https://boxd.it/1Yyo,Not rated yet
2023-03-06,Knowing,2009,https://boxd.it/1Pmy,Not rated yet
2023-03-06,The Island,2005,https://boxd.it/28qE,Not rated yet
2023-03-06,Alvin and the Chipmunks: The Squeakquel,2009,https://boxd.it/1zgk,Not rated yet
2023-03-06,Halloween II,2009,https://boxd.it/1yda,Not rated yet
2023-03-06,Peter Pan,2003,https://boxd.it/1VQY,Not rated yet
2023-03-06,Planet of the Apes,2001,https://boxd.it/29ps,Not rated yet
2023-03-06,Gone in Sixty Seconds,2000,https://boxd.it/1Y4y,Not rated yet
2023-03-06,American Wedding,2003,https://boxd.it/20r0,Not rated yet
2023-03-06,Mr. Deeds,2002,https://boxd.it/27BQ,Not rated yet
2023-03-06,Shooter,2007,https://boxd.it/20TS,Not rated yet
2023-03-06,G-Force,2009,https://boxd.it/1ETc,Not rated yet
2023-03-06,Splice,2009,https://boxd.it/17HW,Not rated yet
2023-03-06,Megamind,2010,https://boxd.it/16Sk,Not rated yet
2023-03-06,Zoolander,2001,https://boxd.it/1YMA,Not rated yet
2023-03-06,Night at the Museum,2006,https://boxd.it/28wi,Not rated yet
2023-03-06,Madagascar,2005,https://boxd.it/29dc,Not rated yet
2023-03-06,Meet the Parents,2000,https://boxd.it/28vE,Not rated yet
2023-03-06,Night at the Museum: Battle of the Smithsonian,2009,https://boxd.it/1H7U,Not rated yet
2023-03-06,Madagascar 3: Europe's Most Wanted,2012,https://boxd.it/2NF6,Not rated yet
2023-03-06,Night at the Museum: Secret of the Tomb,2014,https://boxd.it/5x3m,Not rated yet
2023-03-06,Tower Heist,2011,https://boxd.it/iQI,Not rated yet
2023-03-06,Along Came Polly,2004,https://boxd.it/22fU,Not rated yet
2023-03-06,Merry Madagascar,2009,https://boxd.it/1vKK,Not rated yet
2023-03-06,Loki,2021,https://boxd.it/sbHg,Not rated yet
2023-03-06,Cars 2,2011,https://boxd.it/H4Y,Not rated yet
2023-03-06,Cars 3,2017,https://boxd.it/7IPq,Not rated yet
2023-03-06,Wedding Crashers,2005,https://boxd.it/1Yte,Not rated yet
2023-03-06,The Internship,2013,https://boxd.it/3SWS,Not rated yet
2023-03-06,I Spy,2002,https://boxd.it/20aS,Not rated yet
2023-03-06,Free Birds,2013,https://boxd.it/5oi8,Not rated yet
2023-03-06,No Escape,2015,https://boxd.it/5NAw,Not rated yet
2023-03-06,G.I. Joe: The Rise of Cobra,2009,https://boxd.it/1Ndu,Not rated yet
2023-03-06,Norbit,2007,https://boxd.it/1XSM,Not rated yet
2023-03-06,Shrek Forever After,2010,https://boxd.it/1WRo,Not rated yet
2023-03-06,Beverly Hills Cop,1984,https://boxd.it/2baE,Not rated yet
2023-03-06,Won't You Be My Neighbor?,2018,https://boxd.it/hDPU,Not rated yet
2023-03-06,Coming 2 America,2021,https://boxd.it/hrdu,Not rated yet
2023-03-06,Daddy Day Care,2003,https://boxd.it/1VAw,Not rated yet
2023-03-06,The Nutty Professor,1996,https://boxd.it/1YXI,Not rated yet
2023-03-06,Beverly Hills Cop II,1987,https://boxd.it/2b9G,Not rated yet
2023-03-06,Four Christmases,2008,https://boxd.it/1SjM,Not rated yet
2023-03-06,Stuart Little 2,2002,https://boxd.it/1UTW,Not rated yet
2023-03-06,Flightplan,2005,https://boxd.it/1YZu,Not rated yet
2023-03-06,Road Trip,2000,https://boxd.it/1Z4a,Not rated yet
2023-03-06,Tinker Bell,2008,https://boxd.it/1QEy,Not rated yet
2023-03-06,Doom,2005,https://boxd.it/1ZOW,Not rated yet
2023-03-06,Land of the Lost,2009,https://boxd.it/1Htc,Not rated yet
2023-03-06,Daybreakers,2009,https://boxd.it/1EnA,Not rated yet
2023-03-06,Pandorum,2009,https://boxd.it/1Eo4,Not rated yet
2023-03-06,Transporter 2,2005,https://boxd.it/1YWq,Not rated yet
2023-03-06,Collateral,2004,https://boxd.it/28F0,Not rated yet
2023-03-06,Furious 7,2015,https://boxd.it/5cVs,Not rated yet
2023-03-06,F9,2021,https://boxd.it/dqsU,Not rated yet
2023-03-06,Fast & Furious Presents: Hobbs & Shaw,2019,https://boxd.it/dnDA,Not rated yet
2023-03-06,The Meg,2018,https://boxd.it/bAL4,Not rated yet
2023-03-06,Fast & Furious 6,2013,https://boxd.it/2UG6,Not rated yet
2023-03-06,The Fate of the Furious,2017,https://boxd.it/bbCw,Not rated yet
2023-03-06,Spy,2015,https://boxd.it/71Ks,Not rated yet
2023-03-06,The Italian Job,2003,https://boxd.it/1Y86,Not rated yet
2023-03-06,The Transporter,2002,https://boxd.it/24Nu,Not rated yet
2023-03-06,Transporter 3,2008,https://boxd.it/1QhE,Not rated yet
2023-03-06,The Mechanic,2011,https://boxd.it/1rtg,Not rated yet
2023-03-06,Homefront,2013,https://boxd.it/67Wi,Not rated yet
2023-03-06,Cellular,2004,https://boxd.it/1XSC,Not rated yet
2023-03-06,Mechanic: Resurrection,2016,https://boxd.it/8wj0,Not rated yet
2023-03-06,The Bank Job,2008,https://boxd.it/1ZL4,Not rated yet
2023-03-06,Safe,2012,https://boxd.it/2oxc,Not rated yet
2023-03-06,Big Momma's House,2000,https://boxd.it/1YgO,Not rated yet
2023-03-06,Bad Boys,1995,https://boxd.it/1XVG,Not rated yet
2023-03-06,Big Momma's House 2,2006,https://boxd.it/1TxA,Not rated yet
2023-03-06,Life,1999,https://boxd.it/21zE,Not rated yet
2023-03-06,Blue Streak,1999,https://boxd.it/1UT8,Not rated yet
2023-03-06,"Big Mommas: Like Father, Like Son",2011,https://boxd.it/16fC,Not rated yet
2023-03-06,National Security,2003,https://boxd.it/1UGS,Not rated yet
2023-03-06,Nothing to Lose,1997,https://boxd.it/1Tgu,Not rated yet
2023-03-06,College Road Trip,2008,https://boxd.it/1Q3C,Not rated yet
2023-03-06,TMNT,2007,https://boxd.it/28Xo,Not rated yet
2023-03-06,Next,2007,https://boxd.it/28bY,Not rated yet
2023-03-06,Push,2009,https://boxd.it/1Q8W,Not rated yet
2023-03-06,The 6th Day,2000,https://boxd.it/207Y,Not rated yet
2023-03-06,Frequency,2000,https://boxd.it/1VXA,Not rated yet
2023-03-06,Agent Cody Banks,2003,https://boxd.it/1V4g,Not rated yet
2023-03-06,Big Fat Liar,2002,https://boxd.it/1STg,Not rated yet
2023-03-06,Agent Cody Banks 2: Destination London,2004,https://boxd.it/1Jhi,Not rated yet
2023-03-06,Home Alone 4,2002,https://boxd.it/1RLA,Not rated yet
2023-03-06,Stargate,1994,https://boxd.it/27iu,Not rated yet
2023-03-06,American Pie Presents: Band Camp,2005,https://boxd.it/20qQ,Not rated yet
2023-03-06,Snow Dogs,2002,https://boxd.it/1SQQ,Not rated yet
2023-03-06,Nutty Professor II: The Klumps,2000,https://boxd.it/1SwQ,Not rated yet
2023-03-06,Dumb and Dumberer: When Harry Met Lloyd,2003,https://boxd.it/1WXw,Not rated yet
2023-03-06,Scooby-Doo! The Mystery Begins,2009,https://boxd.it/1Ai2,Not rated yet
2023-03-06,Ghost in the Shell 2.0,2008,https://boxd.it/1OLW,Not rated yet
2023-03-06,Prometheus,2012,https://boxd.it/2s9e,Not rated yet
2023-03-06,The Nun,2018,https://boxd.it/fBkw,Not rated yet
2023-03-06,Annabelle Comes Home,2019,https://boxd.it/iU5m,Not rated yet
2023-03-06,The Commuter,2018,https://boxd.it/dZ36,Not rated yet
2023-03-06,Stretch,2014,https://boxd.it/6Iag,Not rated yet
2023-03-06,Daddy Day Camp,2007,https://boxd.it/1OFY,Not rated yet
2023-03-06,Supernova,2000,https://boxd.it/1WoQ,Not rated yet
2023-03-06,Home Alone 2: Lost in New York,1992,https://boxd.it/29F6,Not rated yet
2023-03-06,Home Alone 3,1997,https://boxd.it/1XZ4,Not rated yet
2023-03-06,Home Alone: The Holiday Heist,2012,https://boxd.it/4loU,Not rated yet
2023-03-06,Home Sweet Home Alone,2021,https://boxd.it/om1C,Not rated yet
2023-03-06,Gone Girl,2014,https://boxd.it/6hQu,Not rated yet
2023-03-06,Thor,2011,https://boxd.it/1WQU,Not rated yet
2023-03-06,mother!,2017,https://boxd.it/dgRU,Not rated yet
2023-03-06,Thor: The Dark World,2013,https://boxd.it/2DqA,Not rated yet
2023-03-06,About Time,2013,https://boxd.it/43bI,Not rated yet
2023-03-06,It Chapter Two,2019,https://boxd.it/h10u,Not rated yet
2023-03-06,The Amazing Spider-Man 2,2014,https://boxd.it/3utM,Not rated yet
2023-03-06,How to Train Your Dragon,2010,https://boxd.it/1WRy,Not rated yet
2023-03-06,Fantastic Beasts and Where to Find Them,2016,https://boxd.it/7FPC,Not rated yet
2023-03-06,Skyfall,2012,https://boxd.it/17Fc,Not rated yet
2023-03-06,The Lego Movie,2014,https://boxd.it/4pDO,Not rated yet
2023-03-06,Bird Box,2018,https://boxd.it/eh1i,Not rated yet
2023-03-06,21 Jump Street,2012,https://boxd.it/J0,Not rated yet
2023-03-06,The Edge of Seventeen,2016,https://boxd.it/d5nu,Not rated yet
2023-03-06,Finding Dory,2016,https://boxd.it/4aAA,Not rated yet
2023-03-06,Crazy Rich Asians,2018,https://boxd.it/gfnK,Not rated yet
2023-03-06,Wreck-It Ralph,2012,https://boxd.it/2TTS,Not rated yet
2023-03-06,Aquaman,2018,https://boxd.it/9ru0,Not rated yet
2023-03-06,The Hobbit: An Unexpected Journey,2012,https://boxd.it/GZk,Not rated yet
2023-03-06,Now You See Me,2013,https://boxd.it/2Bsu,Not rated yet
2023-03-06,Monsters University,2013,https://boxd.it/bQm,Not rated yet
2023-03-06,Jumanji: Welcome to the Jungle,2017,https://boxd.it/bUeE,Not rated yet
2023-03-06,Mission: Impossible - Fallout,2018,https://boxd.it/bSVc,Not rated yet
2023-03-06,Despicable Me,2010,https://boxd.it/1DD8,Not rated yet
2023-03-06,Pitch Perfect,2012,https://boxd.it/3OsE,Not rated yet
2023-03-06,Paddington,2014,https://boxd.it/3RKw,Not rated yet
2023-03-06,Under the Skin,2013,https://boxd.it/3mDa,Not rated yet
2023-03-06,Paddington 2,2017,https://boxd.it/bCF8,Not rated yet
2023-03-06,Rango,2011,https://boxd.it/QPk,Not rated yet
2023-03-06,Jurassic World: Fallen Kingdom,2018,https://boxd.it/bOnU,Not rated yet
2023-03-06,Kong: Skull Island,2017,https://boxd.it/9ewM,Not rated yet
2023-03-06,The Lion King,2019,https://boxd.it/eSjI,Not rated yet
2023-03-06,22 Jump Street,2014,https://boxd.it/5Fvy,Not rated yet
2023-03-06,Ralph Breaks the Internet,2018,https://boxd.it/edAy,Not rated yet
2023-03-06,Rise of the Planet of the Apes,2011,https://boxd.it/cS4,Not rated yet
2023-03-06,Maleficent,2014,https://boxd.it/3v1u,Not rated yet
2023-03-06,How to Train Your Dragon 2,2014,https://boxd.it/2TRW,Not rated yet
2023-03-06,Insidious,2010,https://boxd.it/H4k,Not rated yet
2023-03-06,Zombieland: Double Tap,2019,https://boxd.it/bgb6,Not rated yet
2023-03-06,Godzilla,2014,https://boxd.it/47OE,Not rated yet
2023-03-06,War for the Planet of the Apes,2017,https://boxd.it/8FE2,Not rated yet
2023-03-06,The Wolverine,2013,https://boxd.it/2CWU,Not rated yet
2023-03-06,Me Before You,2016,https://boxd.it/9n98,Not rated yet
2023-03-06,Mission: Impossible - Rogue Nation,2015,https://boxd.it/5rI4,Not rated yet
2023-03-06,Godzilla: King of the Monsters,2019,https://boxd.it/cY7Y,Not rated yet
2023-03-06,Pirates of the Caribbean: On Stranger Tides,2011,https://boxd.it/27Z4,Not rated yet
2023-03-06,Despicable Me 2,2013,https://boxd.it/3gg0,Not rated yet
2023-03-06,Sausage Party,2016,https://boxd.it/6CCe,Not rated yet
2023-03-06,Alien: Covenant,2017,https://boxd.it/49UY,Not rated yet
2023-03-06,Jumanji: The Next Level,2019,https://boxd.it/ixu4,Not rated yet
2023-03-06,Now You See Me 2,2016,https://boxd.it/99fw,Not rated yet
2023-03-06,The Jungle Book,2016,https://boxd.it/8wjk,Not rated yet
2023-03-06,Upgrade,2018,https://boxd.it/i4gW,Not rated yet
2023-03-06,High Life,2018,https://boxd.it/d6bk,Not rated yet
2023-03-06,Minions,2015,https://boxd.it/6jCO,Not rated yet
2023-03-06,The Hangover Part II,2011,https://boxd.it/PZI,Not rated yet
2023-03-06,Grown Ups,2010,https://boxd.it/169a,Not rated yet
2023-03-06,TRON: Legacy,2010,https://boxd.it/1Dlo,Not rated yet
2023-03-06,Ghostbusters,2016,https://boxd.it/Vm8,Not rated yet
2023-03-06,Sing,2016,https://boxd.it/b5EQ,Not rated yet
2023-03-06,Limitless,2011,https://boxd.it/Aly,Not rated yet
2023-03-06,Bumblebee,2018,https://boxd.it/f21O,Not rated yet
2023-03-06,The Babysitter,2017,https://boxd.it/eP1w,Not rated yet
2023-03-06,Source Code,2011,https://boxd.it/fdo,Not rated yet
2023-03-06,In Time,2011,https://boxd.it/FPS,Not rated yet
2023-03-06,The Other Guys,2010,https://boxd.it/1rtq,Not rated yet
2023-03-06,The Dead Don't Die,2019,https://boxd.it/juZg,Not rated yet
2023-03-06,Nerve,2016,https://boxd.it/aJIc,Not rated yet
2023-03-06,Pitch Perfect 2,2015,https://boxd.it/7tNa,Not rated yet
2023-03-06,Life,2017,https://boxd.it/dRqG,Not rated yet
2023-03-06,Cinderella,2015,https://boxd.it/4KX6,Not rated yet
2023-03-06,The Secret Life of Pets,2016,https://boxd.it/aJ5E,Not rated yet
2023-03-06,Oblivion,2013,https://boxd.it/2Bzq,Not rated yet
2023-03-06,Rio,2011,https://boxd.it/NKc,Not rated yet
2023-03-06,Chronicle,2012,https://boxd.it/2Emk,Not rated yet
2023-03-06,Kick-Ass 2,2013,https://boxd.it/hqu,Not rated yet
2023-03-06,The Lego Movie 2: The Second Part,2019,https://boxd.it/8BAU,Not rated yet
2023-03-06,Crawl,2019,https://boxd.it/iwYi,Not rated yet
2023-03-06,Annabelle,2014,https://boxd.it/7l84,Not rated yet
2023-03-06,The Hangover Part III,2013,https://boxd.it/3GNY,Not rated yet
2023-03-06,Annabelle: Creation,2017,https://boxd.it/dSxe,Not rated yet
2023-03-06,The Curse of La Llorona,2019,https://boxd.it/hg0E,Not rated yet
2023-03-06,Ghost in the Shell,2017,https://boxd.it/abTA,Not rated yet
2023-03-06,Predestination,2014,https://boxd.it/6bJM,Not rated yet
2023-03-06,Gifted,2017,https://boxd.it/e5dG,Not rated yet
2023-03-06,Elysium,2013,https://boxd.it/2cBm,Not rated yet
2023-03-06,The Croods,2013,https://boxd.it/FRE,Not rated yet
2023-03-06,Green Lantern,2011,https://boxd.it/QN4,Not rated yet
2023-03-06,The Boss Baby,2017,https://boxd.it/9mfO,Not rated yet
2023-03-06,Despicable Me 3,2017,https://boxd.it/azpu,Not rated yet
2023-03-06,Valerian and the City of a Thousand Planets,2017,https://boxd.it/biYY,Not rated yet
2023-03-06,Five Feet Apart,2019,https://boxd.it/jaAK,Not rated yet
2023-03-06,Baywatch,2017,https://boxd.it/biG6,Not rated yet
2023-03-06,The Last Airbender,2010,https://boxd.it/1WQK,Not rated yet
2023-03-06,Brightburn,2019,https://boxd.it/jk58,Not rated yet
2023-03-06,Terminator: Dark Fate,2019,https://boxd.it/96YI,Not rated yet
2023-03-06,Paul,2011,https://boxd.it/13uE,Not rated yet
2023-03-06,Fantastic Four,2015,https://boxd.it/5a9c,Not rated yet
2023-03-06,Maleficent: Mistress of Evil,2019,https://boxd.it/eSig,Not rated yet
2023-03-06,Babyteeth,2019,https://boxd.it/iWDU,Not rated yet
2023-03-06,Transformers: Age of Extinction,2014,https://boxd.it/3d1m,Not rated yet
2023-03-06,6 Underground,2019,https://boxd.it/irU6,Not rated yet
2023-03-06,The Cloverfield Paradox,2018,https://boxd.it/doVA,Not rated yet
2023-03-06,Diary of a Wimpy Kid,2010,https://boxd.it/1fUa,Not rated yet
2023-03-06,The Grinch,2018,https://boxd.it/chpK,Not rated yet
2023-03-06,Insidious: Chapter 2,2013,https://boxd.it/3dqc,Not rated yet
2023-03-06,Central Intelligence,2016,https://boxd.it/9DFE,Not rated yet
2023-03-06,The Predator,2018,https://boxd.it/bDw2,Not rated yet
2023-03-06,Real Steel,2011,https://boxd.it/147m,Not rated yet
2023-03-06,What Happened to Monday,2017,https://boxd.it/ejUu,Not rated yet
2023-03-06,Ice Age: Continental Drift,2012,https://boxd.it/lQ2,Not rated yet
2023-03-06,Bright,2017,https://boxd.it/e1H8,Not rated yet
2023-03-06,Isn't It Romantic,2019,https://boxd.it/g1jE,Not rated yet
2023-03-06,Jupiter Ascending,2015,https://boxd.it/2Evm,Not rated yet
2023-03-06,Diary of a Wimpy Kid: Rodrick Rules,2011,https://boxd.it/gm2,Not rated yet
2023-03-06,After,2019,https://boxd.it/jBb8,Not rated yet
2023-03-06,The Expendables,2010,https://boxd.it/1rtA,Not rated yet
2023-03-06,Circle,2015,https://boxd.it/b5So,Not rated yet
2023-03-06,Terminator Genisys,2015,https://boxd.it/35s0,Not rated yet
2023-03-06,Fifty Shades of Grey,2015,https://boxd.it/6qLo,Not rated yet
2023-03-06,Fifty Shades Darker,2017,https://boxd.it/bm2E,Not rated yet
2023-03-06,Fifty Shades Freed,2018,https://boxd.it/bb5C,Not rated yet
2023-03-06,Transformers: The Last Knight,2017,https://boxd.it/b8xo,Not rated yet
2023-03-06,Neighbors 2: Sorority Rising,2016,https://boxd.it/aA80,Not rated yet
2023-03-06,Pacific Rim: Uprising,2018,https://boxd.it/83Qa,Not rated yet
2023-03-06,Ender's Game,2013,https://boxd.it/2N9Y,Not rated yet
2023-03-06,Power Rangers,2017,https://boxd.it/9KKc,Not rated yet
2023-03-06,The BFG,2016,https://boxd.it/81cs,Not rated yet
2023-03-06,Predators,2010,https://boxd.it/1d9m,Not rated yet
2023-03-06,The First Purge,2018,https://boxd.it/fJfk,Not rated yet
2023-03-06,Teenage Mutant Ninja Turtles,2014,https://boxd.it/3oAs,Not rated yet
2023-03-06,Home,2015,https://boxd.it/6JxA,Not rated yet
2023-03-06,Macbeth,2015,https://boxd.it/6FE8,Not rated yet
2023-03-06,The Tourist,2010,https://boxd.it/17Hs,Not rated yet
2023-03-06,Daddy's Home,2015,https://boxd.it/8jSc,Not rated yet
2023-03-06,Independence Day: Resurgence,2016,https://boxd.it/JwK,Not rated yet
2023-03-06,Hardcore Henry,2015,https://boxd.it/aAIM,Not rated yet
2023-03-06,The Smurfs,2011,https://boxd.it/Zcm,Not rated yet
2023-03-06,Jackass 3D,2010,https://boxd.it/1KpM,Not rated yet
2023-03-06,Jackass: The Movie,2002,https://boxd.it/1Zo0,Not rated yet
2023-03-06,Skyscraper,2018,https://boxd.it/fVqa,Not rated yet
2023-03-06,RoboCop,2014,https://boxd.it/3m4k,Not rated yet
2023-03-06,RoboCop,1987,https://boxd.it/22Wu,Not rated yet
2023-03-06,RoboCop 2,1990,https://boxd.it/22Wk,Not rated yet
2023-03-06,RoboCop 3,1993,https://boxd.it/22Wa,Not rated yet
2023-03-06,The Spy Who Dumped Me,2018,https://boxd.it/geEg,Not rated yet
2023-03-06,The Stanford Prison Experiment,2015,https://boxd.it/9QQK,Not rated yet
2023-03-06,I Am Mother,2019,https://boxd.it/ihNE,Not rated yet
2023-03-06,Turbo,2013,https://boxd.it/2Hzw,Not rated yet
2023-03-06,The Dark Tower,2017,https://boxd.it/bU66,Not rated yet
2023-03-06,We Bought a Zoo,2011,https://boxd.it/2AU8,Not rated yet
2023-03-06,Les Misérables,2019,https://boxd.it/lAPA,Not rated yet
2023-03-06,The Giver,2014,https://boxd.it/6HWo,Not rated yet
2023-03-06,The Secret Life of Pets 2,2019,https://boxd.it/ewPM,Not rated yet
2023-03-06,Before I Fall,2017,https://boxd.it/dW0I,Not rated yet
2023-03-06,Blackhat,2015,https://boxd.it/62Te,Not rated yet
2023-03-06,The 5th Wave,2016,https://boxd.it/9wbi,Not rated yet
2023-03-06,Rio 2,2014,https://boxd.it/5jfy,Not rated yet
2023-03-06,Total Recall,2012,https://boxd.it/Ro,Not rated yet
2023-03-06,Geostorm,2017,https://boxd.it/8lC6,Not rated yet
2023-03-06,R.I.P.D.,2013,https://boxd.it/FQQ,Not rated yet
2023-03-06,Jack Reacher: Never Go Back,2016,https://boxd.it/buAY,Not rated yet
2023-03-06,Synchronic,2019,https://boxd.it/k3M2,Not rated yet
2023-03-06,The Mortal Instruments: City of Bones,2013,https://boxd.it/44va,Not rated yet
2023-03-06,Another Earth,2011,https://boxd.it/rRA,Not rated yet
2023-03-06,Johnny English Reborn,2011,https://boxd.it/kQq,Not rated yet
2023-03-06,Teenage Mutant Ninja Turtles: Out of the Shadows,2016,https://boxd.it/9T2e,Not rated yet
2023-03-06,Peter Rabbit,2018,https://boxd.it/di8W,Not rated yet
2023-03-06,A Dog's Purpose,2017,https://boxd.it/dgSI,Not rated yet
2023-03-06,G.I. Joe: Retaliation,2013,https://boxd.it/2o6A,Not rated yet
2023-03-06,Need for Speed,2014,https://boxd.it/4p90,Not rated yet
2023-03-06,Angel Has Fallen,2019,https://boxd.it/eYfC,Not rated yet
2023-03-06,Love and Monsters,2020,https://boxd.it/lJ6E,Not rated yet
2023-03-06,Johnny English Strikes Again,2018,https://boxd.it/gzGW,Not rated yet
2023-03-06,The Host,2013,https://boxd.it/2nIy,Not rated yet
2023-03-06,Mute,2018,https://boxd.it/e6nW,Not rated yet
2023-03-06,The Smurfs 2,2013,https://boxd.it/2HvO,Not rated yet
2023-03-06,Happy Feet Two,2011,https://boxd.it/2Om,Not rated yet
2023-03-06,Paul Blart: Mall Cop 2,2015,https://boxd.it/7Acq,Not rated yet
2023-03-06,Jungle,2017,https://boxd.it/dCpo,Not rated yet
2023-03-06,Spy Kids: All the Time in the World,2011,https://boxd.it/ptm,Not rated yet
2023-03-06,Underworld: Awakening,2012,https://boxd.it/yMs,Not rated yet
2023-03-06,Project Almanac,2015,https://boxd.it/6IP4,Not rated yet
2023-03-06,Fist Fight,2017,https://boxd.it/bAIO,Not rated yet
2023-03-06,Self/less,2015,https://boxd.it/71yw,Not rated yet
2023-03-06,Robot & Frank,2012,https://boxd.it/2Y4g,Not rated yet
2023-03-06,Drive Angry,2011,https://boxd.it/KZy,Not rated yet
2023-03-06,Night School,2018,https://boxd.it/gcyU,Not rated yet
2023-03-06,Green Zone,2010,https://boxd.it/1zNS,Not rated yet
2023-03-06,Europa Report,2013,https://boxd.it/5n0s,Not rated yet
2023-03-06,Vampires Suck,2010,https://boxd.it/125y,Not rated yet
2023-03-06,The Great Hack,2019,https://boxd.it/kL8g,Not rated yet
2023-03-06,Terminal,2018,https://boxd.it/dqSo,Not rated yet
2023-03-06,The Wandering Earth,2019,https://boxd.it/jtJc,Not rated yet
2023-03-06,Fast Color,2018,https://boxd.it/g3wg,Not rated yet
2023-03-06,Cop Out,2010,https://boxd.it/1yQm,Not rated yet
2023-03-06,CHiPS,2017,https://boxd.it/eKv2,Not rated yet
2023-03-06,Extinction,2018,https://boxd.it/fdzM,Not rated yet
2023-03-06,Into the Storm,2014,https://boxd.it/6r3W,Not rated yet
2023-03-06,Marmaduke,2010,https://boxd.it/15GW,Not rated yet
2023-03-06,The Captive,2014,https://boxd.it/7bNG,Not rated yet
2023-03-06,Bullet Train,2022,https://boxd.it/qW26,Not rated yet
2023-03-06,The Adam Project,2022,https://boxd.it/q2Dg,Not rated yet
2023-03-06,The Proposal,2009,https://boxd.it/1HiS,Not rated yet
2023-03-06,Red Notice,2021,https://boxd.it/ixtq,Not rated yet
2023-03-06,Hitman's Wife's Bodyguard,2021,https://boxd.it/iZdq,Not rated yet
2023-03-06,The Change-Up,2011,https://boxd.it/FRu,Not rated yet
2023-03-06,Time Trap,2017,https://boxd.it/ggMw,Not rated yet
2023-03-06,Rim of the World,2019,https://boxd.it/jk4k,Not rated yet
2023-03-06,Contraband,2012,https://boxd.it/2Hj4,Not rated yet
2023-03-06,Faster,2010,https://boxd.it/ZKy,Not rated yet
2023-03-06,The Frozen Ground,2013,https://boxd.it/605w,Not rated yet
2023-03-06,Await Further Instructions,2018,https://boxd.it/ifti,Not rated yet
2023-03-06,Left Behind,2014,https://boxd.it/6tKI,Not rated yet
2023-03-06,Dying of the Light,2014,https://boxd.it/9r1s,Not rated yet
2023-03-06,Looking Glass,2018,https://boxd.it/fxaW,Not rated yet
2023-03-06,211,2018,https://boxd.it/i4LK,Not rated yet
2023-03-06,The Humanity Bureau,2017,https://boxd.it/ghtK,Not rated yet
2023-03-06,See You Yesterday,2019,https://boxd.it/lqnm,Not rated yet
2023-03-06,Skyline,2010,https://boxd.it/WhS,Not rated yet
2023-03-06,A Dog's Journey,2019,https://boxd.it/iY7m,Not rated yet
2023-03-06,Starfish,2018,https://boxd.it/jNmW,Not rated yet
2023-03-06,Spectral,2016,https://boxd.it/ayYI,Not rated yet
2023-03-06,Spiral,2019,https://boxd.it/mHJw,Not rated yet
2023-03-06,Proxima,2019,https://boxd.it/hcCY,Not rated yet
2023-03-06,The Darkest Hour,2011,https://boxd.it/2lTE,Not rated yet
2023-03-06,The Hurricane Heist,2018,https://boxd.it/ff6s,Not rated yet
2023-03-06,The Wall,2017,https://boxd.it/eh1s,Not rated yet
2023-03-06,Lucy,2014,https://boxd.it/75hu,Not rated yet
2023-03-06,The World's End,2013,https://boxd.it/3EiO,Not rated yet
2023-03-06,Cloud Atlas,2012,https://boxd.it/2W60,Not rated yet
2023-03-06,Transformers: Dark of the Moon,2011,https://boxd.it/16aC,Not rated yet
2023-03-06,Rampage,2018,https://boxd.it/f9a4,Not rated yet
2023-03-06,After Earth,2013,https://boxd.it/2TSg,Not rated yet
2023-03-06,Prospect,2018,https://boxd.it/iijg,Not rated yet
2023-03-06,Level 16,2018,https://boxd.it/k0Im,Not rated yet
2023-03-06,The Lazarus Effect,2015,https://boxd.it/7anW,Not rated yet
2023-03-06,The Signal,2014,https://boxd.it/77hc,Not rated yet
2023-03-06,Lockout,2012,https://boxd.it/2Ruw,Not rated yet
2023-03-06,Replicas,2018,https://boxd.it/9yBi,Not rated yet
2023-03-06,How It Ends,2018,https://boxd.it/h2HY,Not rated yet
2023-03-06,IO,2019,https://boxd.it/fmCU,Not rated yet
2023-03-06,Upside Down,2012,https://boxd.it/kOY,Not rated yet
2023-03-06,Earth to Echo,2014,https://boxd.it/71uO,Not rated yet
2023-03-06,Kin,2018,https://boxd.it/f3NY,Not rated yet
2023-03-06,iBoy,2017,https://boxd.it/eBQq,Not rated yet
2023-03-06,ARQ,2016,https://boxd.it/erMS,Not rated yet
2023-03-06,Automata,2014,https://boxd.it/7NT8,Not rated yet
2023-03-06,The Titan,2018,https://boxd.it/h7K4,Not rated yet
2023-03-06,Beyond Skyline,2017,https://boxd.it/8aww,Not rated yet
2023-03-06,Area 51,2015,https://boxd.it/lDW,Not rated yet
2023-03-06,Time Freak,2018,https://boxd.it/g77a,Not rated yet
2023-03-06,Sense8: Amor Vincit Omnia,2018,https://boxd.it/rP4Q,Not rated yet
2023-03-06,The Last Days on Mars,2013,https://boxd.it/5LAY,Not rated yet
2023-03-06,Sword Art Online: The Movie – Ordinal Scale,2017,https://boxd.it/eAnC,Not rated yet
2023-03-06,Sword Art Online Alternative: Gun Gale Online,2018,https://boxd.it/s1eo,Not rated yet
2023-03-06,Sword Art Online the Movie -Progressive- Aria of a Starless Night,2021,https://boxd.it/sCUw,Not rated yet
2023-03-06,Sword Art Online the Movie -Progressive- Scherzo of Deep Night,2022,https://boxd.it/xLgU,Not rated yet
2023-03-06,OtherLife,2017,https://boxd.it/ewqM,Not rated yet
2023-03-06,Max Steel,2016,https://boxd.it/8T5A,Not rated yet
2023-03-06,Extraterrestrial,2014,https://boxd.it/7TVE,Not rated yet
2023-03-06,24 Hours to Live,2017,https://boxd.it/gQGO,Not rated yet
2023-03-06,Synchronicity,2015,https://boxd.it/bFQS,Not rated yet
2023-03-06,Coma,2019,https://boxd.it/ffbs,Not rated yet
2023-03-06,Jupiter's Moon,2017,https://boxd.it/fOpk,Not rated yet
2023-03-06,Attraction,2017,https://boxd.it/e6Hi,Not rated yet
2023-03-06,Invasion,2020,https://boxd.it/iC5S,Not rated yet
2023-03-06,Infinity Chamber,2016,https://boxd.it/fceo,Not rated yet
2023-03-06,Parallel,2018,https://boxd.it/f6Ss,Not rated yet
2023-03-06,Extinction,2015,https://boxd.it/bft4,Not rated yet
2023-03-06,Kill Command,2016,https://boxd.it/dpgS,Not rated yet
2023-03-06,The Man from Earth: Holocene,2017,https://boxd.it/eEBI,Not rated yet
2023-03-06,Orbiter 9,2017,https://boxd.it/fwWU,Not rated yet
2023-03-06,The Beyond,2018,https://boxd.it/g1kM,Not rated yet
2023-03-06,Pandemic,2016,https://boxd.it/bCFC,Not rated yet
2023-03-06,The Invisible Boy,2014,https://boxd.it/9FPc,Not rated yet
2023-03-06,3022,2019,https://boxd.it/nNmU,Not rated yet
2023-03-06,Code 8,2016,https://boxd.it/dA0G,Not rated yet
2023-03-06,The Recall,2017,https://boxd.it/gg0M,Not rated yet
2023-03-06,Hot Bot,2016,https://boxd.it/dqHq,Not rated yet
2023-03-06,Kill Switch,2017,https://boxd.it/f0b8,Not rated yet
2023-03-06,Alien: Containment,2019,https://boxd.it/lE6k,Not rated yet
2023-03-06,3%,2011,https://boxd.it/bMWo,Not rated yet
2023-03-06,Singularity,2017,https://boxd.it/hrag,Not rated yet
2023-03-06,The Gracefield Incident,2017,https://boxd.it/aGu2,Not rated yet
2023-03-06,A.I. Rising,2018,https://boxd.it/ihpC,Not rated yet
2023-03-06,Uncanny,2015,https://boxd.it/4q54,Not rated yet
2023-03-06,White Chamber,2018,https://boxd.it/iDT0,Not rated yet
2023-03-06,Battle of Los Angeles,2011,https://boxd.it/iCG,Not rated yet
2023-03-06,Extraordinary: The Stan Romanek Story,2013,https://boxd.it/g5rC,Not rated yet
2023-03-06,Flight 666,2018,https://boxd.it/jaAU,Not rated yet
2023-03-06,Debug,2014,https://boxd.it/9wOk,Not rated yet
2023-03-06,Stasis,2017,https://boxd.it/gqiG,Not rated yet
2023-03-06,Solis,2018,https://boxd.it/jga4,Not rated yet
2023-03-06,The Darkest Dawn,2016,https://boxd.it/eZyg,Not rated yet
2023-03-06,Scorched Earth,2018,https://boxd.it/bDSC,Not rated yet
2023-03-06,Alien Convergence,2017,https://boxd.it/gtz6,Not rated yet
2023-03-06,F.R.E.D.I.,2018,https://boxd.it/hxH6,Not rated yet
2023-03-06,Robosapien: Rebooted,2013,https://boxd.it/5G3K,Not rated yet
2023-03-06,Infinity Pool,2023,https://boxd.it/oPSK,Not rated yet
2023-03-06,Jurassic World Dominion,2022,https://boxd.it/ikXW,Not rated yet
2023-03-06,Spiderhead,2022,https://boxd.it/mLsO,Not rated yet
2023-03-06,Bill & Ted Face the Music,2020,https://boxd.it/i7BI,Not rated yet
2023-03-06,Project Power,2020,https://boxd.it/ml8S,Not rated yet
2023-03-06,Reminiscence,2021,https://boxd.it/lhMM,Not rated yet
2023-03-06,Artemis Fowl,2020,https://boxd.it/h3Vs,Not rated yet
2023-03-06,Thunder Force,2021,https://boxd.it/mLsE,Not rated yet
2023-03-06,Stowaway,2021,https://boxd.it/ktMM,Not rated yet
2023-03-06,Oxygen,2021,https://boxd.it/gU16,Not rated yet
2023-03-06,Sputnik,2020,https://boxd.it/lUya,Not rated yet
2023-03-06,Choose or Die,2022,https://boxd.it/vDag,Not rated yet
2023-03-06,Firestarter,2022,https://boxd.it/jnA4,Not rated yet
2023-03-06,Voyagers,2021,https://boxd.it/m2qo,Not rated yet
2023-03-06,Infinite,2021,https://boxd.it/lnRe,Not rated yet
2023-03-06,Samaritan,2022,https://boxd.it/njkY,Not rated yet
2023-03-06,Awake,2021,https://boxd.it/mLaA,Not rated yet
2023-03-06,Black Box,2020,https://boxd.it/qPFK,Not rated yet
2023-03-06,Mother/Android,2021,https://boxd.it/rKEk,Not rated yet
2023-03-06,Jiu Jitsu,2020,https://boxd.it/lKLe,Not rated yet
2023-03-06,The Immaculate Room,2022,https://boxd.it/unt0,Not rated yet
2023-03-06,Cosmic Sin,2021,https://boxd.it/prJ2,Not rated yet
2023-03-06,The Colony,2021,https://boxd.it/sA3g,Not rated yet
2023-03-06,The Superdeep,2020,https://boxd.it/ljia,Not rated yet
2023-03-06,2067,2020,https://boxd.it/jbFm,Not rated yet
2023-03-06,Deep,2021,https://boxd.it/vM42,Not rated yet
2023-03-06,Breach,2020,https://boxd.it/odLQ,Not rated yet
2023-03-06,Skylines,2020,https://boxd.it/kv7G,Not rated yet
2023-03-06,Apex,2021,https://boxd.it/sFPY,Not rated yet
2023-03-06,Needle in a Timestack,2021,https://boxd.it/g7eg,Not rated yet
2023-03-06,AI Love You,2022,https://boxd.it/z0li,Not rated yet
2023-03-06,Proximity,2020,https://boxd.it/pTWI,Not rated yet
2023-03-06,Project Gemini,2022,https://boxd.it/l7IK,Not rated yet
2023-03-06,Captain Nova,2021,https://boxd.it/xhYW,Not rated yet
2023-03-06,LX 2048,2020,https://boxd.it/rJzS,Not rated yet
2023-03-06,Intersect,2020,https://boxd.it/rDjY,Not rated yet
2023-03-06,Shifter,2020,https://boxd.it/ppuk,Not rated yet
2023-03-06,Dune Drifter,2020,https://boxd.it/rX4O,Not rated yet
2023-03-06,Infinitum: Subject Unknown,2021,https://boxd.it/u1Ca,Not rated yet
2023-03-06,Foundation: Discovering Worlds,2021,https://boxd.it/yoeo,Not rated yet
2023-03-06,Blasted,2022,https://boxd.it/oyAa,Not rated yet
2023-03-06,Robot Riot,2020,https://boxd.it/qICk,Not rated yet
2023-03-06,Shang-Chi and the Legend of the Ten Rings,2021,https://boxd.it/kLDI,Not rated yet
2023-03-06,Wonder Woman 1984,2020,https://boxd.it/gBtA,Not rated yet
2023-03-06,No Time to Die,2021,https://boxd.it/cPX2,Not rated yet
2023-03-06,Uncharted,2022,https://boxd.it/b5Dy,Not rated yet
2023-03-06,The Lost City,2022,https://boxd.it/sg0Q,Not rated yet
2023-03-06,Ambulance,2022,https://boxd.it/sFxg,Not rated yet
2023-03-06,The Woman King,2022,https://boxd.it/r9a8,Not rated yet
2023-03-06,Greenland,2020,https://boxd.it/j1Um,Not rated yet
2023-03-06,Day Shift,2022,https://boxd.it/sn8W,Not rated yet
2023-03-06,The Old Guard,2020,https://boxd.it/jY2e,Not rated yet
2023-03-06,Extraction,2020,https://boxd.it/jUjA,Not rated yet
2023-03-06,Kate,2021,https://boxd.it/m2qy,Not rated yet
2023-03-06,The School for Good and Evil,2022,https://boxd.it/tjO2,Not rated yet
2023-03-06,Thirteen Lives,2022,https://boxd.it/q7O4,Not rated yet
2023-03-06,Tom Clancy's Without Remorse,2021,https://boxd.it/kNyA,Not rated yet
2023-03-06,Beast,2022,https://boxd.it/szW0,Not rated yet
2023-03-06,Fantasy Island,2020,https://boxd.it/jEVy,Not rated yet
2023-03-06,Unhinged,2020,https://boxd.it/najM,Not rated yet
2023-03-06,Troll,2022,https://boxd.it/rDsQ,Not rated yet
2023-03-06,The Courier,2020,https://boxd.it/iX7A,Not rated yet
2023-03-06,Snake Eyes: G.I. Joe Origins,2021,https://boxd.it/kRf8,Not rated yet
2023-03-06,The Man from Toronto,2022,https://boxd.it/oRgS,Not rated yet
2023-03-06,Teen Wolf: The Movie,2023,https://boxd.it/x7gA,Not rated yet
2023-03-06,Fatman,2020,https://boxd.it/mdqY,Not rated yet
2023-03-06,Honest Thief,2020,https://boxd.it/keES,Not rated yet
2023-03-06,The Vault,2021,https://boxd.it/nleI,Not rated yet
2023-03-06,The Contractor,2022,https://boxd.it/niAc,Not rated yet
2023-03-06,Blacklight,2022,https://boxd.it/v3d4,Not rated yet
2023-03-06,The Sleepover,2020,https://boxd.it/nbIy,Not rated yet
2023-03-06,Mission: Impossible - Ghost Protocol,2011,https://boxd.it/psI,Not rated yet
2023-03-06,Salt,2010,https://boxd.it/1rtK,Not rated yet
2023-03-06,21 Bridges,2019,https://boxd.it/juea,Not rated yet
2023-03-06,The Spy Next Door,2010,https://boxd.it/1zyo,Not rated yet
2023-03-06,Ride Along 2,2016,https://boxd.it/awtS,Not rated yet
2023-03-06,Point Blank,2019,https://boxd.it/jkuC,Not rated yet
2023-03-06,The Transporter Refueled,2015,https://boxd.it/8WBE,Not rated yet
2023-03-06,Stolen,2012,https://boxd.it/4aM2,Not rated yet
2023-03-06,Primal,2019,https://boxd.it/i4LA,Not rated yet
2023-03-06,Jumper,2008,https://boxd.it/20ss,Not rated yet
2023-03-06,Timeline,2003,https://boxd.it/1YmM,Not rated yet
2023-03-06,Firewall,2006,https://boxd.it/1XTg,Not rated yet
2023-03-06,Traitor,2008,https://boxd.it/1Qu4,Not rated yet
2023-03-06,Species,1995,https://boxd.it/1YUk,Not rated yet
2023-03-06,Species II,1998,https://boxd.it/1WNw,Not rated yet
2023-03-06,Species III,2004,https://boxd.it/1XZo,Not rated yet
2023-03-06,Species: The Awakening,2007,https://boxd.it/1MC4,Not rated yet
2023-03-08,GoodFellas,1990,https://boxd.it/29FA,Not rated yet
2023-03-08,Doctor Who: The Christmas Invasion,2006,https://boxd.it/BkJS,Not rated yet
2023-03-08,Tarzan,1999,https://boxd.it/18YO,Not rated yet
2023-03-08,The Circle,2017,https://boxd.it/bj1I,Not rated yet
2023-03-08,Noah,2014,https://boxd.it/34QA,Not rated yet
2023-03-08,A Man Called Otto,2022,https://boxd.it/zl06,Not rated yet
2023-03-08,Pinocchio,2022,https://boxd.it/jnWY,Not rated yet
2023-03-08,Indiana Jones and the Kingdom of the Crystal Skull,2008,https://boxd.it/2aR8,Not rated yet
2023-03-08,Violent Night,2022,https://boxd.it/xXBA,Not rated yet
2023-03-08,Dahmer – Monster: The Jeffrey Dahmer Story,2022,https://boxd.it/CRG0,Not rated yet
2023-03-08,Smile,2022,https://boxd.it/xjfE,Not rated yet
2023-03-08,Guillermo del Toro's Pinocchio,2022,https://boxd.it/kjMW,Not rated yet
2023-03-08,After Ever Happy,2022,https://boxd.it/rWv0,Not rated yet
2023-03-08,Nope,2022,https://boxd.it/sDCe,Not rated yet
2023-03-08,Fall,2022,https://boxd.it/Bf6G,Not rated yet
2023-03-08,The Guilty,2021,https://boxd.it/kOPW,Not rated yet
2023-03-08,After We Fell,2021,https://boxd.it/rWum,Not rated yet
2023-03-08,Ghostbusters: Afterlife,2021,https://boxd.it/f4Pw,Not rated yet
2023-03-08,Fear Street: 1978,2021,https://boxd.it/lLBu,Not rated yet
2023-03-08,Fear Street: 1666,2021,https://boxd.it/lLBE,Not rated yet
2023-03-08,Fear Street: 1994,2021,https://boxd.it/lLBk,Not rated yet
2023-03-08,The Kissing Booth 3,2021,https://boxd.it/rhOA,Not rated yet
2023-03-08,WandaVision,2021,https://boxd.it/sbGW,Not rated yet
2023-03-08,The Queen's Gambit,2020,https://boxd.it/s1Ym,Not rated yet
2023-03-08,The Devil All the Time,2020,https://boxd.it/i2tY,Not rated yet
2023-03-08,The Babysitter: Killer Queen,2020,https://boxd.it/n4VA,Not rated yet
2023-03-08,The Kissing Booth 2,2020,https://boxd.it/lrky,Not rated yet
2023-03-08,#Alive,2020,https://boxd.it/mJl2,Not rated yet
2023-03-08,Captain Marvel,2019,https://boxd.it/9vSA,Not rated yet
2023-03-08,The Kissing Booth,2018,https://boxd.it/geR0,Not rated yet
2023-03-08,The Lego Ninjago Movie,2017,https://boxd.it/8lEw,Not rated yet
2023-03-08,Journey's End,2017,https://boxd.it/fzj2,Not rated yet
2023-03-08,Pirates of the Caribbean: Dead Men Tell No Tales,2017,https://boxd.it/5a9m,Not rated yet
2023-03-08,An Inspector Calls,2015,https://boxd.it/cb76,Not rated yet
2023-03-08,Alvin and the Chipmunks: The Road Chip,2015,https://boxd.it/7DWQ,Not rated yet
2023-03-08,San Andreas,2015,https://boxd.it/7sUa,Not rated yet
2023-03-08,The Boxtrolls,2014,https://boxd.it/5grw,Not rated yet
2023-03-08,The Fault in Our Stars,2014,https://boxd.it/6BQa,Not rated yet
2023-03-08,Warm Bodies,2013,https://boxd.it/2TFm,Not rated yet
2023-03-08,Hop,2011,https://boxd.it/DQa,Not rated yet
2023-03-08,Kung Fu Panda 2,2011,https://boxd.it/G36,Not rated yet
2023-03-08,Ponyo,2008,https://boxd.it/1S0A,Not rated yet
2023-03-08,The Bourne Supremacy,2004,https://boxd.it/26EE,Not rated yet
2023-03-08,Shaun of the Dead,2004,https://boxd.it/29J8,Not rated yet
2023-03-08,Brother Bear,2003,https://boxd.it/1Xjs,Not rated yet
2023-03-08,The Bourne Identity,2002,https://boxd.it/26EO,Not rated yet
2023-03-08,Toy Story 2,1999,https://boxd.it/29qq,Not rated yet
2023-03-08,The Sixth Sense,1999,https://boxd.it/29Js,Not rated yet
2023-03-08,American Beauty,1999,https://boxd.it/71Y,Not rated yet
2023-03-08,The Truman Show,1998,https://boxd.it/18U8,Not rated yet
2023-03-08,Titanic,1997,https://boxd.it/2a2k,Not rated yet
2023-03-08,Independence Day,1996,https://boxd.it/2a1w,Not rated yet
2023-03-08,Jumanji,1995,https://boxd.it/1ZLI,Not rated yet
2023-03-08,Dumb and Dumber,1994,https://boxd.it/206m,Not rated yet
2023-03-08,The Lion King,1994,https://boxd.it/201Q,Not rated yet
2023-03-08,The Nightmare Before Christmas,1993,https://boxd.it/1YzQ,Not rated yet
2023-03-08,Hocus Pocus,1993,https://boxd.it/1Wgi,Not rated yet
2023-03-08,Aladdin,1992,https://boxd.it/29yE,Not rated yet
2023-03-08,Beauty and the Beast,1991,https://boxd.it/1XhG,Not rated yet
2023-03-08,Kindergarten Cop,1990,https://boxd.it/29dm,Not rated yet
2023-03-08,Top Gun,1986,https://boxd.it/29JC,Not rated yet
2023-03-08,Child's Play,1988,https://boxd.it/1VTo,Not rated yet
2023-03-08,"Honey, I Shrunk the Kids",1989,https://boxd.it/1YTw,Not rated yet
2023-03-08,Indiana Jones and the Last Crusade,1989,https://boxd.it/2baO,Not rated yet
2023-03-08,Ghostbusters,1984,https://boxd.it/g2w,Not rated yet
2023-03-08,The Snowman,1982,https://boxd.it/1Qgm,Not rated yet
2023-03-08,The Goonies,1985,https://boxd.it/1YVC,Not rated yet
2023-03-08,Gremlins,1984,https://boxd.it/29gg,Not rated yet
2023-03-08,The Shining,1980,https://boxd.it/29Nu,Not rated yet
2023-03-08,The Dark Crystal,1982,https://boxd.it/1Tm8,Not rated yet
2023-03-08,The Muppets Take Manhattan,1984,https://boxd.it/1SP4,Not rated yet
2023-03-08,Taxi Driver,1976,https://boxd.it/2b8y,Not rated yet
2023-03-08,Neon Genesis Evangelion: Death and Rebirth,1997,https://boxd.it/2lAi,Not rated yet
2023-03-08,Wolf Children,2012,https://boxd.it/3Ipk,Not rated yet
2023-03-08,First Man,2018,https://boxd.it/cPym,Not rated yet
2023-03-08,Sunshine,2007,https://boxd.it/28Xy,Not rated yet
2023-03-08,The Silent Sea,2021,https://boxd.it/yF9K,Not rated yet
2023-03-08,Red Planet,2000,https://boxd.it/1ZI0,Not rated yet
2023-03-08,Event Horizon,1997,https://boxd.it/20d8,Not rated yet
2023-03-08,Batman v Superman: Dawn of Justice,2016,https://boxd.it/6fBW,Not rated yet
2023-03-08,A Nightmare on Elm Street 3: Dream Warriors,1987,https://boxd.it/1X9W,Not rated yet
2023-03-08,A Nightmare on Elm Street Part 2: Freddy's Revenge,1985,https://boxd.it/1XiE,Not rated yet
2023-03-08,New Nightmare,1994,https://boxd.it/1TsU,Not rated yet
2023-03-08,A Nightmare on Elm Street 4: The Dream Master,1988,https://boxd.it/1X0U,Not rated yet
2023-03-08,Deep Cover,1992,https://boxd.it/1D5g,Not rated yet
2023-03-08,Ride Along,2014,https://boxd.it/5dqA,Not rated yet
2023-03-08,The Ice Road,2021,https://boxd.it/o0C2,Not rated yet
2023-03-08,Bicentennial Man,1999,https://boxd.it/2722,Not rated yet
2023-03-08,Merlin,1998,https://boxd.it/21ak,Not rated yet
2023-03-08,Sirens,1994,https://boxd.it/1RO0,Not rated yet
2023-03-08,Apollo 13,1995,https://boxd.it/2a6G,Not rated yet
2023-03-08,My Giant,1998,https://boxd.it/JEY,Not rated yet
2023-03-08,The Iron Giant,1999,https://boxd.it/1Wow,Not rated yet
2023-03-08,Lord of War,2005,https://boxd.it/284y,Not rated yet
2023-03-08,The Thing,1982,https://boxd.it/294O,Not rated yet
2023-03-08,Psycho,1960,https://boxd.it/2ab2,Not rated yet
2023-03-08,Godzilla,1954,https://boxd.it/28kc,Not rated yet
2023-03-09,Doctor Who: Voyage of the Damned,2007,https://boxd.it/b4sY,Not rated yet
2023-03-09,How to Train Your Dragon: The Hidden World,2019,https://boxd.it/5a9w,Not rated yet
2023-03-09,Good Omens,2019,https://boxd.it/jUOI,Not rated yet
2023-03-09,Doctor Who: The Day of the Doctor,2013,https://boxd.it/a4Bk,Not rated yet
2023-03-09,Doctor Who: The End of Time,2009,https://boxd.it/8Hao,Not rated yet
2023-03-09,Doctor Who: The Runaway Bride,2006,https://boxd.it/8Jgy,Not rated yet
2023-03-09,Doctor Who: The Waters of Mars,2009,https://boxd.it/8Hae,Not rated yet
2023-03-09,Doctor Who: Planet of the Dead,2009,https://boxd.it/8JMO,Not rated yet
2023-03-09,Doctor Who: The Next Doctor,2008,https://boxd.it/afku,Not rated yet
2023-03-09,Doctor Who: The Power of the Doctor,2022,https://boxd.it/DpQo,Not rated yet
2023-03-09,Doctor Who: Time Crash,2007,https://boxd.it/ePvQ,Not rated yet
2023-03-09,Doctor Who: Born Again,2005,https://boxd.it/eSWq,Not rated yet
2023-03-09,The Shawshank Redemption,1994,https://boxd.it/2aHi,Not rated yet
2023-03-09,The Godfather,1972,https://boxd.it/2aNK,Not rated yet
2023-03-09,The Godfather: Part II,1974,https://boxd.it/2aNq,Not rated yet
2023-03-09,The Usual Suspects,1995,https://boxd.it/29XE,Not rated yet
2023-03-09,Moana,2016,https://boxd.it/8tfY,Not rated yet
2023-03-09,X-Men: Apocalypse,2016,https://boxd.it/7eJi,Not rated yet
2023-03-09,Star Trek Beyond,2016,https://boxd.it/5Ik4,Not rated yet
2023-03-09,Shin Godzilla,2016,https://boxd.it/a9lm,Not rated yet
2023-03-09,Steve Jobs,2015,https://boxd.it/araG,Not rated yet
2023-03-09,Fyre,2019,https://boxd.it/kP0g,Not rated yet
2023-03-09,Scream,2022,https://boxd.it/o0lg,Not rated yet
2023-03-12,Hot Tub Time Machine,2010,https://boxd.it/1zIS,Not rated yet
2023-03-12,Hot Tub Time Machine 2,2015,https://boxd.it/7anM,Not rated yet
2023-03-13,The Boogeyman,2023,https://boxd.it/jnna,Not rated yet
2023-03-13,Spirited,2022,https://boxd.it/nshk,Not rated yet
2023-03-13,Hocus Pocus 2,2022,https://boxd.it/nRog,Not rated yet
2023-03-13,Amsterdam,2022,https://boxd.it/oJ58,Not rated yet
2023-03-13,Prey,2022,https://boxd.it/sNBU,Not rated yet
2023-03-13,DC League of Super-Pets,2022,https://boxd.it/jFTI,Not rated yet
2023-03-13,Minions: The Rise of Gru,2022,https://boxd.it/fz9w,Not rated yet
2023-03-13,Lightyear,2022,https://boxd.it/qV1G,Not rated yet
2023-03-13,Moon Knight,2022,https://boxd.it/zeDq,Not rated yet
2023-03-13,Fantastic Beasts: The Secrets of Dumbledore,2022,https://boxd.it/bg8Q,Not rated yet
2023-03-13,Jackass Forever,2022,https://boxd.it/opUg,Not rated yet
2023-03-13,Squid Game,2021,https://boxd.it/x1OG,Not rated yet
2023-03-13,The Suicide Squad,2021,https://boxd.it/fw6O,Not rated yet
2023-03-13,The Boss Baby: Family Business,2021,https://boxd.it/goWY,Not rated yet
2023-03-13,Spiral: From the Book of Saw,2021,https://boxd.it/meXk,Not rated yet
2023-03-13,The Falcon and the Winter Soldier,2021,https://boxd.it/sbH6,Not rated yet
2023-03-13,Zack Snyder's Justice League,2021,https://boxd.it/tLOk,Not rated yet
2023-03-13,Willy's Wonderland,2021,https://boxd.it/nTcG,Not rated yet
2023-03-13,Hubie Halloween,2020,https://boxd.it/mQwm,Not rated yet
2023-03-13,The SpongeBob Movie: Sponge on the Run,2020,https://boxd.it/e1Ac,Not rated yet
2023-03-13,Host,2020,https://boxd.it/r5O4,Not rated yet
2023-03-13,The F**k-It List,2020,https://boxd.it/m3uc,Not rated yet
2023-03-13,Scoob!,2020,https://boxd.it/dqh8,Not rated yet
2023-03-13,Bloodshot,2020,https://boxd.it/bfG8,Not rated yet
2023-03-13,Child's Play,2019,https://boxd.it/jpX0,Not rated yet
2023-03-13,The Hustle,2019,https://boxd.it/g1ju,Not rated yet
2023-03-13,The Silence,2019,https://boxd.it/j9UE,Not rated yet
2023-03-13,The Kid Who Would Be King,2019,https://boxd.it/gcz4,Not rated yet
2023-03-13,The Package,2018,https://boxd.it/ibD4,Not rated yet
2023-03-13,The Darkest Minds,2018,https://boxd.it/fRBo,Not rated yet
2023-03-13,Incredibles 2,2018,https://boxd.it/7IPg,Not rated yet
2023-03-13,Status Update,2018,https://boxd.it/eHxk,Not rated yet
2023-03-13,F*&% the Prom,2017,https://boxd.it/hync,Not rated yet
2023-03-13,Flatliners,2017,https://boxd.it/e4CK,Not rated yet
2023-03-13,Downsizing,2017,https://boxd.it/9Ajq,Not rated yet
2023-03-13,Alice Through the Looking Glass,2016,https://boxd.it/75Yo,Not rated yet
2023-03-13,Meet the Blacks,2016,https://boxd.it/d846,Not rated yet
2023-03-13,Friend Request,2016,https://boxd.it/cKRy,Not rated yet
2023-03-13,Eddie the Eagle,2015,https://boxd.it/amAY,Not rated yet
2023-03-13,Power Rangers,2015,https://boxd.it/aFgo,Not rated yet
2023-03-13,Annie,2014,https://boxd.it/5W4u,Not rated yet
2023-03-14,Army of Thieves,2021,https://boxd.it/tYai,Not rated yet
2023-03-14,R.I.P.D. 2: Rise of the Damned,2022,https://boxd.it/CjLq,Not rated yet
2023-03-14,The Last Witch Hunter,2015,https://boxd.it/8lBW,Not rated yet
2023-03-14,Silverton Siege,2022,https://boxd.it/zUq4,Not rated yet
2023-03-14,Burnt,2015,https://boxd.it/9mVg,Not rated yet
2023-03-14,The Skeleton Key,2005,https://boxd.it/1XxE,Not rated yet
2023-03-14,A Babysitter's Guide to Monster Hunting,2020,https://boxd.it/n89g,Not rated yet
2023-03-14,Return to Space,2022,https://boxd.it/zRus,Not rated yet
2023-03-14,Lady Driver,2020,https://boxd.it/lMo2,Not rated yet
2023-03-14,Don't Look Up,2021,https://boxd.it/o0Hc,Not rated yet
2023-03-14,The Lazarus Project,2008,https://boxd.it/1Pks,Not rated yet
2023-03-15,The Expanse: One Ship,2021,https://boxd.it/zZts,Not rated yet
2023-03-15,Doctor Who: A Christmas Carol,2010,https://boxd.it/abn0,Not rated yet
2023-03-15,The Secret World of Arrietty,2010,https://boxd.it/AF4,Not rated yet
2023-03-15,Fast Five,2011,https://boxd.it/BgO,Not rated yet
2023-03-15,Split,2016,https://boxd.it/c9nc,Not rated yet
2023-03-15,Nancy Drew and the Hidden Staircase,2019,https://boxd.it/iQ4E,Not rated yet
2023-03-15,Payback,2021,https://boxd.it/mjBS,Not rated yet
2023-03-15,Secret Society of Second Born Royals,2020,https://boxd.it/n0Py,Not rated yet
2023-03-15,Queenpins,2021,https://boxd.it/niBu,Not rated yet
2023-03-16,The Black Phone,2021,https://boxd.it/sqFE,Not rated yet
2023-03-16,Missing,2023,https://boxd.it/sS1W,Not rated yet
2023-03-16,Searching,2018,https://boxd.it/hDPg,Not rated yet
2023-04-10,The Takedown,2022,https://boxd.it/tyJm,Not rated yet
2023-04-10,Murder Mystery,2019,https://boxd.it/iEBm,Not rated yet
2023-04-10,Murder Mystery 2,2023,https://boxd.it/nHOo,Not rated yet
2023-04-10,Naked,2017,https://boxd.it/fmDe,Not rated yet
2023-04-25,Corpse Bride,2005,https://boxd.it/24WQ,Not rated yet
2023-02-19,Frankenhooker,1990,https://boxd.it/1saE,Not rated yet
2023-02-19,Crimes of the Future,2022,https://boxd.it/uTuY,Not rated yet
2023-02-19,Re-Animator,1985,https://boxd.it/28hM,Not rated yet
2023-03-03,The Beyond,1981,https://boxd.it/1FtY,Not rated yet
2023-03-06,The Haunted Mansion,2003,https://boxd.it/1Vtq,Not rated yet
2023-03-06,Eagle Eye,2008,https://boxd.it/1QZc,Not rated yet
2023-03-06,The Recruit,2003,https://boxd.it/28oS,Not rated yet
2023-03-06,Deadpool 3,2024,https://boxd.it/jq8s,Not rated yet
2023-03-06,I Am Number Four,2011,https://boxd.it/MXY,Not rated yet
2023-03-06,Battle: Los Angeles,2011,https://boxd.it/QIS,Not rated yet
2023-03-06,The Blackout,2019,https://boxd.it/l6XO,Not rated yet
2023-03-06,Dune: Part Two,2023,https://boxd.it/pUfA,Not rated yet
2023-03-06,Vesper,2022,https://boxd.it/ASlI,Not rated yet
2023-03-06,Avatar 3,2024,https://boxd.it/2W7s,Not rated yet
2023-03-06,M3GAN 2.0,2025,https://boxd.it/EwHU,Not rated yet
2023-03-06,The Wandering Earth II,2023,https://boxd.it/vMIc,Not rated yet
2023-03-08,Attraction 3,2024,https://boxd.it/vGIK,Not rated yet
2023-03-08,Train to Busan,2016,https://boxd.it/dSQU,Not rated yet
2023-03-12,The Ritual,2017,https://boxd.it/fo0I,Not rated yet
2023-03-13,The Resort,2021,https://boxd.it/uvEK,Not rated yet
2023-03-13,Howl,2015,https://boxd.it/9BiS,Not rated yet
2023-03-16,Triangle of Sadness,2022,https://boxd.it/hXlq,Not rated yet
2023-03-24,John Wick: Chapter 4,2023,https://boxd.it/mh48,Not rated yet
